run_accession	study_accession	secondary_study_accession	sample_accession	secondary_sample_accession	experiment_accession	submission_accession	tax_id	scientific_name	instrument_platform	instrument_model	library_name	nominal_length	library_layout	library_strategy	library_source	library_selection	read_count	base_count	center_name	first_public	last_updated	experiment_title	study_title	study_alias	experiment_alias	run_alias	fastq_bytes	fastq_md5	fastq_ftp	fastq_aspera	fastq_galaxy	submitted_bytes	submitted_md5	submitted_ftp	submitted_aspera	submitted_galaxy	submitted_format	sra_bytes	sra_md5	sra_ftp	sra_aspera	sra_galaxy	sample_alias	broker_name	sample_title	nominal_sdev	first_created	bam_ftp	bam_bytes	bam_md5
SRR17111307	PRJNA785817	SRP349102	SAMN23582751	SRS11208273	SRX13298583	SRA1338067	9606	Homo sapiens	ILLUMINA	Illumina HiSeq 2500			PAIRED	RNA-Seq	TRANSCRIPTOMIC	cDNA	30403855	7600963750	GEO	2023-08-08	2023-08-09	Illumina HiSeq 2500 sequencing: GSM5712993: MEC1 SF3B1 WT rep 3 Homo sapiens RNA-Seq	Chronic Lymphocytic Leukemia MEC1 SF3B1 K700E and Wild Type Cell Lines' RNA-seq after Treatment with H3B-8800 Splicing Modulator.	GSE190087	GSM5712993	GSM5712993_r1	1421525613;1424152839	1105fe6082a3751911138161b668973f;8a80a1cf41f02ca90af24ddd2fa75e63	ftp.sra.ebi.ac.uk/vol1/fastq/SRR171/007/SRR17111307/SRR17111307_1.fastq.gz;ftp.sra.ebi.ac.uk/vol1/fastq/SRR171/007/SRR17111307/SRR17111307_2.fastq.gz	fasp.sra.ebi.ac.uk:/vol1/fastq/SRR171/007/SRR17111307/SRR17111307_1.fastq.gz;fasp.sra.ebi.ac.uk:/vol1/fastq/SRR171/007/SRR17111307/SRR17111307_2.fastq.gz	ftp.sra.ebi.ac.uk/vol1/fastq/SRR171/007/SRR17111307/SRR17111307_1.fastq.gz;ftp.sra.ebi.ac.uk/vol1/fastq/SRR171/007/SRR17111307/SRR17111307_2.fastq.gz							1905744985	d0e96c218d25c271706ed74a642a6431	ftp.sra.ebi.ac.uk/vol1/srr/SRR171/007/SRR17111307.lite	fasp.sra.ebi.ac.uk:/vol1/srr/SRR171/007/SRR17111307.lite	ftp.sra.ebi.ac.uk/vol1/srr/SRR171/007/SRR17111307.lite	GSM5712993		MEC1 SF3B1 WT rep 3		2023-08-08			
SRR17111301	PRJNA785817	SRP349102	SAMN23582748	SRS11208271	SRX13298581	SRA1338067	9606	Homo sapiens	ILLUMINA	Illumina HiSeq 2500			PAIRED	RNA-Seq	TRANSCRIPTOMIC	cDNA	30186654	7546663500	GEO	2023-08-08	2023-08-09	Illumina HiSeq 2500 sequencing: GSM5712991: MEC1 SF3B1 WT rep 1 Homo sapiens RNA-Seq	Chronic Lymphocytic Leukemia MEC1 SF3B1 K700E and Wild Type Cell Lines' RNA-seq after Treatment with H3B-8800 Splicing Modulator.	GSE190087	GSM5712991	GSM5712991_r1	1411450593;1414003430	04395d11f8eb0135b95fd8abc5bb2e6c;93f8c5728585f17ff36e5287093b4c57	ftp.sra.ebi.ac.uk/vol1/fastq/SRR171/001/SRR17111301/SRR17111301_1.fastq.gz;ftp.sra.ebi.ac.uk/vol1/fastq/SRR171/001/SRR17111301/SRR17111301_2.fastq.gz	fasp.sra.ebi.ac.uk:/vol1/fastq/SRR171/001/SRR17111301/SRR17111301_1.fastq.gz;fasp.sra.ebi.ac.uk:/vol1/fastq/SRR171/001/SRR17111301/SRR17111301_2.fastq.gz	ftp.sra.ebi.ac.uk/vol1/fastq/SRR171/001/SRR17111301/SRR17111301_1.fastq.gz;ftp.sra.ebi.ac.uk/vol1/fastq/SRR171/001/SRR17111301/SRR17111301_2.fastq.gz							1891781993	ae96d1f2c225e1f0699907dcfb51ea7c	ftp.sra.ebi.ac.uk/vol1/srr/SRR171/001/SRR17111301.lite	fasp.sra.ebi.ac.uk:/vol1/srr/SRR171/001/SRR17111301.lite	ftp.sra.ebi.ac.uk/vol1/srr/SRR171/001/SRR17111301.lite	GSM5712991		MEC1 SF3B1 WT rep 1		2023-08-08			
SRR17111303	PRJNA785817	SRP349102	SAMN23582748	SRS11208271	SRX13298581	SRA1338067	9606	Homo sapiens	ILLUMINA	Illumina HiSeq 2500			PAIRED	RNA-Seq	TRANSCRIPTOMIC	cDNA	35923979	8980994750	GEO	2023-08-08	2023-08-09	Illumina HiSeq 2500 sequencing: GSM5712991: MEC1 SF3B1 WT rep 1 Homo sapiens RNA-Seq	Chronic Lymphocytic Leukemia MEC1 SF3B1 K700E and Wild Type Cell Lines' RNA-seq after Treatment with H3B-8800 Splicing Modulator.	GSE190087	GSM5712991	GSM5712991_r3	1679059361;1683635915	e100ae70405ec9b065b22b61cc549480;a45fd6bda2cccf06e0ffc9c65bb94ff8	ftp.sra.ebi.ac.uk/vol1/fastq/SRR171/003/SRR17111303/SRR17111303_1.fastq.gz;ftp.sra.ebi.ac.uk/vol1/fastq/SRR171/003/SRR17111303/SRR17111303_2.fastq.gz	fasp.sra.ebi.ac.uk:/vol1/fastq/SRR171/003/SRR17111303/SRR17111303_1.fastq.gz;fasp.sra.ebi.ac.uk:/vol1/fastq/SRR171/003/SRR17111303/SRR17111303_2.fastq.gz	ftp.sra.ebi.ac.uk/vol1/fastq/SRR171/003/SRR17111303/SRR17111303_1.fastq.gz;ftp.sra.ebi.ac.uk/vol1/fastq/SRR171/003/SRR17111303/SRR17111303_2.fastq.gz							2250494732	2d487e0206180e46c5a9a7dac0a7b785	ftp.sra.ebi.ac.uk/vol1/srr/SRR171/003/SRR17111303.lite	fasp.sra.ebi.ac.uk:/vol1/srr/SRR171/003/SRR17111303.lite	ftp.sra.ebi.ac.uk/vol1/srr/SRR171/003/SRR17111303.lite	GSM5712991		MEC1 SF3B1 WT rep 1		2023-08-08			
SRR17111308	PRJNA785817	SRP349102	SAMN23582751	SRS11208273	SRX13298583	SRA1338067	9606	Homo sapiens	ILLUMINA	Illumina HiSeq 2500			PAIRED	RNA-Seq	TRANSCRIPTOMIC	cDNA	45912464	11478116000	GEO	2023-08-08	2023-08-09	Illumina HiSeq 2500 sequencing: GSM5712993: MEC1 SF3B1 WT rep 3 Homo sapiens RNA-Seq	Chronic Lymphocytic Leukemia MEC1 SF3B1 K700E and Wild Type Cell Lines' RNA-seq after Treatment with H3B-8800 Splicing Modulator.	GSE190087	GSM5712993	GSM5712993_r2	2146886839;2150974567	d8624b6fc6761db3588190ac2cfd36b7;53201028b47f5b74abd4d22a90eb5e46	ftp.sra.ebi.ac.uk/vol1/fastq/SRR171/008/SRR17111308/SRR17111308_1.fastq.gz;ftp.sra.ebi.ac.uk/vol1/fastq/SRR171/008/SRR17111308/SRR17111308_2.fastq.gz	fasp.sra.ebi.ac.uk:/vol1/fastq/SRR171/008/SRR17111308/SRR17111308_1.fastq.gz;fasp.sra.ebi.ac.uk:/vol1/fastq/SRR171/008/SRR17111308/SRR17111308_2.fastq.gz	ftp.sra.ebi.ac.uk/vol1/fastq/SRR171/008/SRR17111308/SRR17111308_1.fastq.gz;ftp.sra.ebi.ac.uk/vol1/fastq/SRR171/008/SRR17111308/SRR17111308_2.fastq.gz							2877064791	afc0275a3025f9bb5dfa4719fae51b6d	ftp.sra.ebi.ac.uk/vol1/srr/SRR171/008/SRR17111308.lite	fasp.sra.ebi.ac.uk:/vol1/srr/SRR171/008/SRR17111308.lite	ftp.sra.ebi.ac.uk/vol1/srr/SRR171/008/SRR17111308.lite	GSM5712993		MEC1 SF3B1 WT rep 3		2023-08-08			
SRR17111311	PRJNA785817	SRP349102	SAMN23582753	SRS11208274	SRX13298584	SRA1338067	9606	Homo sapiens	ILLUMINA	Illumina HiSeq 2500			PAIRED	RNA-Seq	TRANSCRIPTOMIC	cDNA	38128045	9532011250	GEO	2023-08-08	2023-08-09	Illumina HiSeq 2500 sequencing: GSM5712994: MEC1 SF3B1 K700E rep1 Homo sapiens RNA-Seq	Chronic Lymphocytic Leukemia MEC1 SF3B1 K700E and Wild Type Cell Lines' RNA-seq after Treatment with H3B-8800 Splicing Modulator.	GSE190087	GSM5712994	GSM5712994_r2	1782297321;1785191029	5f848bef6df7b8fdce20612a1c31211a;2093cd2721428c6a40c0cb6b00273e1e	ftp.sra.ebi.ac.uk/vol1/fastq/SRR171/011/SRR17111311/SRR17111311_1.fastq.gz;ftp.sra.ebi.ac.uk/vol1/fastq/SRR171/011/SRR17111311/SRR17111311_2.fastq.gz	fasp.sra.ebi.ac.uk:/vol1/fastq/SRR171/011/SRR17111311/SRR17111311_1.fastq.gz;fasp.sra.ebi.ac.uk:/vol1/fastq/SRR171/011/SRR17111311/SRR17111311_2.fastq.gz	ftp.sra.ebi.ac.uk/vol1/fastq/SRR171/011/SRR17111311/SRR17111311_1.fastq.gz;ftp.sra.ebi.ac.uk/vol1/fastq/SRR171/011/SRR17111311/SRR17111311_2.fastq.gz							2388719943	553a5fb64a8b78938e36ba378c87c185	ftp.sra.ebi.ac.uk/vol1/srr/SRR171/011/SRR17111311.lite	fasp.sra.ebi.ac.uk:/vol1/srr/SRR171/011/SRR17111311.lite	ftp.sra.ebi.ac.uk/vol1/srr/SRR171/011/SRR17111311.lite	GSM5712994		MEC1 SF3B1 K700E rep1		2023-08-08			
SRR17111309	PRJNA785817	SRP349102	SAMN23582751	SRS11208273	SRX13298583	SRA1338067	9606	Homo sapiens	ILLUMINA	Illumina HiSeq 2500			PAIRED	RNA-Seq	TRANSCRIPTOMIC	cDNA	50688138	12672034500	GEO	2023-08-08	2023-08-09	Illumina HiSeq 2500 sequencing: GSM5712993: MEC1 SF3B1 WT rep 3 Homo sapiens RNA-Seq	Chronic Lymphocytic Leukemia MEC1 SF3B1 K700E and Wild Type Cell Lines' RNA-seq after Treatment with H3B-8800 Splicing Modulator.	GSE190087	GSM5712993	GSM5712993_r3	2369619031;2375949519	d2b69614024801f78950dc99d56f7291;c15a46a7cbd2345111a525127ba92102	ftp.sra.ebi.ac.uk/vol1/fastq/SRR171/009/SRR17111309/SRR17111309_1.fastq.gz;ftp.sra.ebi.ac.uk/vol1/fastq/SRR171/009/SRR17111309/SRR17111309_2.fastq.gz	fasp.sra.ebi.ac.uk:/vol1/fastq/SRR171/009/SRR17111309/SRR17111309_1.fastq.gz;fasp.sra.ebi.ac.uk:/vol1/fastq/SRR171/009/SRR17111309/SRR17111309_2.fastq.gz	ftp.sra.ebi.ac.uk/vol1/fastq/SRR171/009/SRR17111309/SRR17111309_1.fastq.gz;ftp.sra.ebi.ac.uk/vol1/fastq/SRR171/009/SRR17111309/SRR17111309_2.fastq.gz							3175545957	e523f954afbdeafec10a4b8d7427a4c7	ftp.sra.ebi.ac.uk/vol1/srr/SRR171/009/SRR17111309.lite	fasp.sra.ebi.ac.uk:/vol1/srr/SRR171/009/SRR17111309.lite	ftp.sra.ebi.ac.uk/vol1/srr/SRR171/009/SRR17111309.lite	GSM5712993		MEC1 SF3B1 WT rep 3		2023-08-08			
SRR17111313	PRJNA785817	SRP349102	SAMN23582754	SRS11208275	SRX13298585	SRA1338067	9606	Homo sapiens	ILLUMINA	Illumina HiSeq 2500			PAIRED	RNA-Seq	TRANSCRIPTOMIC	cDNA	31406757	7851689250	GEO	2023-08-08	2023-08-09	Illumina HiSeq 2500 sequencing: GSM5712995: MEC1 SF3B1 K700E rep2 Homo sapiens RNA-Seq	Chronic Lymphocytic Leukemia MEC1 SF3B1 K700E and Wild Type Cell Lines' RNA-seq after Treatment with H3B-8800 Splicing Modulator.	GSE190087	GSM5712995	GSM5712995_r1	1467531003;1470051540	0472db69ad78c57ca04995f58282dcba;25a40e1520466390d9b9b280ab2838ce	ftp.sra.ebi.ac.uk/vol1/fastq/SRR171/013/SRR17111313/SRR17111313_1.fastq.gz;ftp.sra.ebi.ac.uk/vol1/fastq/SRR171/013/SRR17111313/SRR17111313_2.fastq.gz	fasp.sra.ebi.ac.uk:/vol1/fastq/SRR171/013/SRR17111313/SRR17111313_1.fastq.gz;fasp.sra.ebi.ac.uk:/vol1/fastq/SRR171/013/SRR17111313/SRR17111313_2.fastq.gz	ftp.sra.ebi.ac.uk/vol1/fastq/SRR171/013/SRR17111313/SRR17111313_1.fastq.gz;ftp.sra.ebi.ac.uk/vol1/fastq/SRR171/013/SRR17111313/SRR17111313_2.fastq.gz							1968120658	641bf0f821960f8d95ba94ef29720790	ftp.sra.ebi.ac.uk/vol1/srr/SRR171/013/SRR17111313.lite	fasp.sra.ebi.ac.uk:/vol1/srr/SRR171/013/SRR17111313.lite	ftp.sra.ebi.ac.uk/vol1/srr/SRR171/013/SRR17111313.lite	GSM5712995		MEC1 SF3B1 K700E rep2		2023-08-08			
SRR17111310	PRJNA785817	SRP349102	SAMN23582753	SRS11208274	SRX13298584	SRA1338067	9606	Homo sapiens	ILLUMINA	Illumina HiSeq 2500			PAIRED	RNA-Seq	TRANSCRIPTOMIC	cDNA	36900405	9225101250	GEO	2023-08-08	2023-08-09	Illumina HiSeq 2500 sequencing: GSM5712994: MEC1 SF3B1 K700E rep1 Homo sapiens RNA-Seq	Chronic Lymphocytic Leukemia MEC1 SF3B1 K700E and Wild Type Cell Lines' RNA-seq after Treatment with H3B-8800 Splicing Modulator.	GSE190087	GSM5712994	GSM5712994_r1	1725194341;1727852647	9064f532a839ca005b8ada0a8b61884a;e019009b0c205b46dad1a30ec71e40db	ftp.sra.ebi.ac.uk/vol1/fastq/SRR171/010/SRR17111310/SRR17111310_1.fastq.gz;ftp.sra.ebi.ac.uk/vol1/fastq/SRR171/010/SRR17111310/SRR17111310_2.fastq.gz	fasp.sra.ebi.ac.uk:/vol1/fastq/SRR171/010/SRR17111310/SRR17111310_1.fastq.gz;fasp.sra.ebi.ac.uk:/vol1/fastq/SRR171/010/SRR17111310/SRR17111310_2.fastq.gz	ftp.sra.ebi.ac.uk/vol1/fastq/SRR171/010/SRR17111310/SRR17111310_1.fastq.gz;ftp.sra.ebi.ac.uk/vol1/fastq/SRR171/010/SRR17111310/SRR17111310_2.fastq.gz							2312363818	8beed604cf797f38253b66641491d47f	ftp.sra.ebi.ac.uk/vol1/srr/SRR171/010/SRR17111310.lite	fasp.sra.ebi.ac.uk:/vol1/srr/SRR171/010/SRR17111310.lite	ftp.sra.ebi.ac.uk/vol1/srr/SRR171/010/SRR17111310.lite	GSM5712994		MEC1 SF3B1 K700E rep1		2023-08-08			
SRR17111315	PRJNA785817	SRP349102	SAMN23582754	SRS11208275	SRX13298585	SRA1338067	9606	Homo sapiens	ILLUMINA	Illumina HiSeq 2500			PAIRED	RNA-Seq	TRANSCRIPTOMIC	cDNA	41412675	10353168750	GEO	2023-08-08	2023-08-09	Illumina HiSeq 2500 sequencing: GSM5712995: MEC1 SF3B1 K700E rep2 Homo sapiens RNA-Seq	Chronic Lymphocytic Leukemia MEC1 SF3B1 K700E and Wild Type Cell Lines' RNA-seq after Treatment with H3B-8800 Splicing Modulator.	GSE190087	GSM5712995	GSM5712995_r3	1934412465;1939445895	f676a73b46da95c35ffeba83545029e4;bb2dc81f7214b45051a80ee2673b55a0	ftp.sra.ebi.ac.uk/vol1/fastq/SRR171/015/SRR17111315/SRR17111315_1.fastq.gz;ftp.sra.ebi.ac.uk/vol1/fastq/SRR171/015/SRR17111315/SRR17111315_2.fastq.gz	fasp.sra.ebi.ac.uk:/vol1/fastq/SRR171/015/SRR17111315/SRR17111315_1.fastq.gz;fasp.sra.ebi.ac.uk:/vol1/fastq/SRR171/015/SRR17111315/SRR17111315_2.fastq.gz	ftp.sra.ebi.ac.uk/vol1/fastq/SRR171/015/SRR17111315/SRR17111315_1.fastq.gz;ftp.sra.ebi.ac.uk/vol1/fastq/SRR171/015/SRR17111315/SRR17111315_2.fastq.gz							2594021389	918c7a0fdfdc8ee04642cf303fe6b9b2	ftp.sra.ebi.ac.uk/vol1/srr/SRR171/015/SRR17111315.lite	fasp.sra.ebi.ac.uk:/vol1/srr/SRR171/015/SRR17111315.lite	ftp.sra.ebi.ac.uk/vol1/srr/SRR171/015/SRR17111315.lite	GSM5712995		MEC1 SF3B1 K700E rep2		2023-08-08			
SRR17111317	PRJNA785817	SRP349102	SAMN23582755	SRS11208276	SRX13298586	SRA1338067	9606	Homo sapiens	ILLUMINA	Illumina HiSeq 2500			PAIRED	RNA-Seq	TRANSCRIPTOMIC	cDNA	47741227	11935306750	GEO	2023-08-08	2023-08-09	Illumina HiSeq 2500 sequencing: GSM5712996: MEC1 SF3B1 K700E rep3 Homo sapiens RNA-Seq	Chronic Lymphocytic Leukemia MEC1 SF3B1 K700E and Wild Type Cell Lines' RNA-seq after Treatment with H3B-8800 Splicing Modulator.	GSE190087	GSM5712996	GSM5712996_r2	2230196544;2233779365	a67ef10833a6a3159153ed0ceae09191;485953c639157c4ed63d403a2f4523f7	ftp.sra.ebi.ac.uk/vol1/fastq/SRR171/017/SRR17111317/SRR17111317_1.fastq.gz;ftp.sra.ebi.ac.uk/vol1/fastq/SRR171/017/SRR17111317/SRR17111317_2.fastq.gz	fasp.sra.ebi.ac.uk:/vol1/fastq/SRR171/017/SRR17111317/SRR17111317_1.fastq.gz;fasp.sra.ebi.ac.uk:/vol1/fastq/SRR171/017/SRR17111317/SRR17111317_2.fastq.gz	ftp.sra.ebi.ac.uk/vol1/fastq/SRR171/017/SRR17111317/SRR17111317_1.fastq.gz;ftp.sra.ebi.ac.uk/vol1/fastq/SRR171/017/SRR17111317/SRR17111317_2.fastq.gz							2990959510	b3d2a3201486738686b54f13727b3b04	ftp.sra.ebi.ac.uk/vol1/srr/SRR171/017/SRR17111317.lite	fasp.sra.ebi.ac.uk:/vol1/srr/SRR171/017/SRR17111317.lite	ftp.sra.ebi.ac.uk/vol1/srr/SRR171/017/SRR17111317.lite	GSM5712996		MEC1 SF3B1 K700E rep3		2023-08-08			
SRR17111319	PRJNA785817	SRP349102	SAMN23582757	SRS11208278	SRX13298587	SRA1338067	9606	Homo sapiens	ILLUMINA	Illumina HiSeq 2500			PAIRED	RNA-Seq	TRANSCRIPTOMIC	cDNA	30760856	7690214000	GEO	2023-08-08	2023-08-09	Illumina HiSeq 2500 sequencing: GSM5712997: MEC1 SF3B1 WT rep 1 H3B-8800 Homo sapiens RNA-Seq	Chronic Lymphocytic Leukemia MEC1 SF3B1 K700E and Wild Type Cell Lines' RNA-seq after Treatment with H3B-8800 Splicing Modulator.	GSE190087	GSM5712997	GSM5712997_r1	1434428778;1436559011	2eac5e5f2b72023f795761ae2a3e58d6;14247972740b486ce6dece95c7d6b7a7	ftp.sra.ebi.ac.uk/vol1/fastq/SRR171/019/SRR17111319/SRR17111319_1.fastq.gz;ftp.sra.ebi.ac.uk/vol1/fastq/SRR171/019/SRR17111319/SRR17111319_2.fastq.gz	fasp.sra.ebi.ac.uk:/vol1/fastq/SRR171/019/SRR17111319/SRR17111319_1.fastq.gz;fasp.sra.ebi.ac.uk:/vol1/fastq/SRR171/019/SRR17111319/SRR17111319_2.fastq.gz	ftp.sra.ebi.ac.uk/vol1/fastq/SRR171/019/SRR17111319/SRR17111319_1.fastq.gz;ftp.sra.ebi.ac.uk/vol1/fastq/SRR171/019/SRR17111319/SRR17111319_2.fastq.gz							1927662705	435ca8e6695bff4b1afcd496a1560588	ftp.sra.ebi.ac.uk/vol1/srr/SRR171/019/SRR17111319.lite	fasp.sra.ebi.ac.uk:/vol1/srr/SRR171/019/SRR17111319.lite	ftp.sra.ebi.ac.uk/vol1/srr/SRR171/019/SRR17111319.lite	GSM5712997		MEC1 SF3B1 WT rep 1 H3B-8800		2023-08-08			
SRR17111318	PRJNA785817	SRP349102	SAMN23582755	SRS11208276	SRX13298586	SRA1338067	9606	Homo sapiens	ILLUMINA	Illumina HiSeq 2500			PAIRED	RNA-Seq	TRANSCRIPTOMIC	cDNA	46222391	11555597750	GEO	2023-08-08	2023-08-09	Illumina HiSeq 2500 sequencing: GSM5712996: MEC1 SF3B1 K700E rep3 Homo sapiens RNA-Seq	Chronic Lymphocytic Leukemia MEC1 SF3B1 K700E and Wild Type Cell Lines' RNA-seq after Treatment with H3B-8800 Splicing Modulator.	GSE190087	GSM5712996	GSM5712996_r3	2158431691;2163729605	c06628cdc4775c22ff3153a424b898a8;f8469a09d33aaec95aedc1d03f30af03	ftp.sra.ebi.ac.uk/vol1/fastq/SRR171/018/SRR17111318/SRR17111318_1.fastq.gz;ftp.sra.ebi.ac.uk/vol1/fastq/SRR171/018/SRR17111318/SRR17111318_2.fastq.gz	fasp.sra.ebi.ac.uk:/vol1/fastq/SRR171/018/SRR17111318/SRR17111318_1.fastq.gz;fasp.sra.ebi.ac.uk:/vol1/fastq/SRR171/018/SRR17111318/SRR17111318_2.fastq.gz	ftp.sra.ebi.ac.uk/vol1/fastq/SRR171/018/SRR17111318/SRR17111318_1.fastq.gz;ftp.sra.ebi.ac.uk/vol1/fastq/SRR171/018/SRR17111318/SRR17111318_2.fastq.gz							2895282819	34989d0322edc3e13b5080e4fe962bc7	ftp.sra.ebi.ac.uk/vol1/srr/SRR171/018/SRR17111318.lite	fasp.sra.ebi.ac.uk:/vol1/srr/SRR171/018/SRR17111318.lite	ftp.sra.ebi.ac.uk/vol1/srr/SRR171/018/SRR17111318.lite	GSM5712996		MEC1 SF3B1 K700E rep3		2023-08-08			
SRR17111320	PRJNA785817	SRP349102	SAMN23582757	SRS11208278	SRX13298587	SRA1338067	9606	Homo sapiens	ILLUMINA	Illumina HiSeq 2500			PAIRED	RNA-Seq	TRANSCRIPTOMIC	cDNA	47955544	11988886000	GEO	2023-08-08	2023-08-09	Illumina HiSeq 2500 sequencing: GSM5712997: MEC1 SF3B1 WT rep 1 H3B-8800 Homo sapiens RNA-Seq	Chronic Lymphocytic Leukemia MEC1 SF3B1 K700E and Wild Type Cell Lines' RNA-seq after Treatment with H3B-8800 Splicing Modulator.	GSE190087	GSM5712997	GSM5712997_r2	2236488090;2239827751	e3aa740453ea87277b9decf670415b0d;70bf80ecadaaf38998bc7559ac160c89	ftp.sra.ebi.ac.uk/vol1/fastq/SRR171/020/SRR17111320/SRR17111320_1.fastq.gz;ftp.sra.ebi.ac.uk/vol1/fastq/SRR171/020/SRR17111320/SRR17111320_2.fastq.gz	fasp.sra.ebi.ac.uk:/vol1/fastq/SRR171/020/SRR17111320/SRR17111320_1.fastq.gz;fasp.sra.ebi.ac.uk:/vol1/fastq/SRR171/020/SRR17111320/SRR17111320_2.fastq.gz	ftp.sra.ebi.ac.uk/vol1/fastq/SRR171/020/SRR17111320/SRR17111320_1.fastq.gz;ftp.sra.ebi.ac.uk/vol1/fastq/SRR171/020/SRR17111320/SRR17111320_2.fastq.gz							3004404052	84acc52ca616d9bcf576686aad22a03a	ftp.sra.ebi.ac.uk/vol1/srr/SRR171/020/SRR17111320.lite	fasp.sra.ebi.ac.uk:/vol1/srr/SRR171/020/SRR17111320.lite	ftp.sra.ebi.ac.uk/vol1/srr/SRR171/020/SRR17111320.lite	GSM5712997		MEC1 SF3B1 WT rep 1 H3B-8800		2023-08-08			
SRR17111323	PRJNA785817	SRP349102	SAMN23582758	SRS11208277	SRX13298588	SRA1338067	9606	Homo sapiens	ILLUMINA	Illumina HiSeq 2500			PAIRED	RNA-Seq	TRANSCRIPTOMIC	cDNA	43630496	10907624000	GEO	2023-08-08	2023-08-09	Illumina HiSeq 2500 sequencing: GSM5712998: MEC1 SF3B1 WT rep 2 H3B-8800 Homo sapiens RNA-Seq	Chronic Lymphocytic Leukemia MEC1 SF3B1 K700E and Wild Type Cell Lines' RNA-seq after Treatment with H3B-8800 Splicing Modulator.	GSE190087	GSM5712998	GSM5712998_r2	2034059504;2036894690	49ba0af55aacd07e4242c65d070745b5;40cdda59379919ef7828c6447265adec	ftp.sra.ebi.ac.uk/vol1/fastq/SRR171/023/SRR17111323/SRR17111323_1.fastq.gz;ftp.sra.ebi.ac.uk/vol1/fastq/SRR171/023/SRR17111323/SRR17111323_2.fastq.gz	fasp.sra.ebi.ac.uk:/vol1/fastq/SRR171/023/SRR17111323/SRR17111323_1.fastq.gz;fasp.sra.ebi.ac.uk:/vol1/fastq/SRR171/023/SRR17111323/SRR17111323_2.fastq.gz	ftp.sra.ebi.ac.uk/vol1/fastq/SRR171/023/SRR17111323/SRR17111323_1.fastq.gz;ftp.sra.ebi.ac.uk/vol1/fastq/SRR171/023/SRR17111323/SRR17111323_2.fastq.gz							2733371225	6fd3ee1f39f992eb4cf8bff06320f8c2	ftp.sra.ebi.ac.uk/vol1/srr/SRR171/023/SRR17111323.lite	fasp.sra.ebi.ac.uk:/vol1/srr/SRR171/023/SRR17111323.lite	ftp.sra.ebi.ac.uk/vol1/srr/SRR171/023/SRR17111323.lite	GSM5712998		MEC1 SF3B1 WT rep 2 H3B-8800		2023-08-08			
SRR17111326	PRJNA785817	SRP349102	SAMN23582759	SRS11208279	SRX13298589	SRA1338067	9606	Homo sapiens	ILLUMINA	Illumina HiSeq 2500			PAIRED	RNA-Seq	TRANSCRIPTOMIC	cDNA	50165371	12541342750	GEO	2023-08-08	2023-08-09	Illumina HiSeq 2500 sequencing: GSM5712999: MEC1 SF3B1 WT rep 3 H3B-8800 Homo sapiens RNA-Seq	Chronic Lymphocytic Leukemia MEC1 SF3B1 K700E and Wild Type Cell Lines' RNA-seq after Treatment with H3B-8800 Splicing Modulator.	GSE190087	GSM5712999	GSM5712999_r2	2339368317;2342303868	2ca461e90eb2ea9a7f83d8986f5a0475;e916a3852522571cfce563364674ccf5	ftp.sra.ebi.ac.uk/vol1/fastq/SRR171/026/SRR17111326/SRR17111326_1.fastq.gz;ftp.sra.ebi.ac.uk/vol1/fastq/SRR171/026/SRR17111326/SRR17111326_2.fastq.gz	fasp.sra.ebi.ac.uk:/vol1/fastq/SRR171/026/SRR17111326/SRR17111326_1.fastq.gz;fasp.sra.ebi.ac.uk:/vol1/fastq/SRR171/026/SRR17111326/SRR17111326_2.fastq.gz	ftp.sra.ebi.ac.uk/vol1/fastq/SRR171/026/SRR17111326/SRR17111326_1.fastq.gz;ftp.sra.ebi.ac.uk/vol1/fastq/SRR171/026/SRR17111326/SRR17111326_2.fastq.gz							3142745188	e222423021e7b2ad25cd87becad5cb14	ftp.sra.ebi.ac.uk/vol1/srr/SRR171/026/SRR17111326.lite	fasp.sra.ebi.ac.uk:/vol1/srr/SRR171/026/SRR17111326.lite	ftp.sra.ebi.ac.uk/vol1/srr/SRR171/026/SRR17111326.lite	GSM5712999		MEC1 SF3B1 WT rep 3 H3B-8800		2023-08-08			
SRR17111325	PRJNA785817	SRP349102	SAMN23582759	SRS11208279	SRX13298589	SRA1338067	9606	Homo sapiens	ILLUMINA	Illumina HiSeq 2500			PAIRED	RNA-Seq	TRANSCRIPTOMIC	cDNA	27772830	6943207500	GEO	2023-08-08	2023-08-09	Illumina HiSeq 2500 sequencing: GSM5712999: MEC1 SF3B1 WT rep 3 H3B-8800 Homo sapiens RNA-Seq	Chronic Lymphocytic Leukemia MEC1 SF3B1 K700E and Wild Type Cell Lines' RNA-seq after Treatment with H3B-8800 Splicing Modulator.	GSE190087	GSM5712999	GSM5712999_r1	1294899522;1296471823	85aa367ecb61802576bf97e34c6c0d6c;5a6f9992de07b83838257a782872f177	ftp.sra.ebi.ac.uk/vol1/fastq/SRR171/025/SRR17111325/SRR17111325_1.fastq.gz;ftp.sra.ebi.ac.uk/vol1/fastq/SRR171/025/SRR17111325/SRR17111325_2.fastq.gz	fasp.sra.ebi.ac.uk:/vol1/fastq/SRR171/025/SRR17111325/SRR17111325_1.fastq.gz;fasp.sra.ebi.ac.uk:/vol1/fastq/SRR171/025/SRR17111325/SRR17111325_2.fastq.gz	ftp.sra.ebi.ac.uk/vol1/fastq/SRR171/025/SRR17111325/SRR17111325_1.fastq.gz;ftp.sra.ebi.ac.uk/vol1/fastq/SRR171/025/SRR17111325/SRR17111325_2.fastq.gz							1740361521	736ee44d2ba5f8f27b03186b17a175cd	ftp.sra.ebi.ac.uk/vol1/srr/SRR171/025/SRR17111325.lite	fasp.sra.ebi.ac.uk:/vol1/srr/SRR171/025/SRR17111325.lite	ftp.sra.ebi.ac.uk/vol1/srr/SRR171/025/SRR17111325.lite	GSM5712999		MEC1 SF3B1 WT rep 3 H3B-8800		2023-08-08			
SRR17111327	PRJNA785817	SRP349102	SAMN23582759	SRS11208279	SRX13298589	SRA1338067	9606	Homo sapiens	ILLUMINA	Illumina HiSeq 2500			PAIRED	RNA-Seq	TRANSCRIPTOMIC	cDNA	47731200	11932800000	GEO	2023-08-08	2023-08-09	Illumina HiSeq 2500 sequencing: GSM5712999: MEC1 SF3B1 WT rep 3 H3B-8800 Homo sapiens RNA-Seq	Chronic Lymphocytic Leukemia MEC1 SF3B1 K700E and Wild Type Cell Lines' RNA-seq after Treatment with H3B-8800 Splicing Modulator.	GSE190087	GSM5712999	GSM5712999_r3	2225089220;2229753037	3ff6102b12b208212519d047a76295db;4524d6742ea30f7f7557496c74c7d97c	ftp.sra.ebi.ac.uk/vol1/fastq/SRR171/027/SRR17111327/SRR17111327_1.fastq.gz;ftp.sra.ebi.ac.uk/vol1/fastq/SRR171/027/SRR17111327/SRR17111327_2.fastq.gz	fasp.sra.ebi.ac.uk:/vol1/fastq/SRR171/027/SRR17111327/SRR17111327_1.fastq.gz;fasp.sra.ebi.ac.uk:/vol1/fastq/SRR171/027/SRR17111327/SRR17111327_2.fastq.gz	ftp.sra.ebi.ac.uk/vol1/fastq/SRR171/027/SRR17111327/SRR17111327_1.fastq.gz;ftp.sra.ebi.ac.uk/vol1/fastq/SRR171/027/SRR17111327/SRR17111327_2.fastq.gz							2989689040	1838ea647bd5c327453a2cda6c51ad2c	ftp.sra.ebi.ac.uk/vol1/srr/SRR171/027/SRR17111327.lite	fasp.sra.ebi.ac.uk:/vol1/srr/SRR171/027/SRR17111327.lite	ftp.sra.ebi.ac.uk/vol1/srr/SRR171/027/SRR17111327.lite	GSM5712999		MEC1 SF3B1 WT rep 3 H3B-8800		2023-08-08			
SRR17111329	PRJNA785817	SRP349102	SAMN23582760	SRS11208280	SRX13298590	SRA1338067	9606	Homo sapiens	ILLUMINA	Illumina HiSeq 2500			PAIRED	RNA-Seq	TRANSCRIPTOMIC	cDNA	45139525	11284881250	GEO	2023-08-08	2023-08-09	Illumina HiSeq 2500 sequencing: GSM5713000: MEC1 SF3B1 K700E rep 1 H3B-8800 Homo sapiens RNA-Seq	Chronic Lymphocytic Leukemia MEC1 SF3B1 K700E and Wild Type Cell Lines' RNA-seq after Treatment with H3B-8800 Splicing Modulator.	GSE190087	GSM5713000	GSM5713000_r2	2103636339;2106390118	4997937e986d37bfc8b399435e135b56;4d3e83799209eaf81024acb1003eb277	ftp.sra.ebi.ac.uk/vol1/fastq/SRR171/029/SRR17111329/SRR17111329_1.fastq.gz;ftp.sra.ebi.ac.uk/vol1/fastq/SRR171/029/SRR17111329/SRR17111329_2.fastq.gz	fasp.sra.ebi.ac.uk:/vol1/fastq/SRR171/029/SRR17111329/SRR17111329_1.fastq.gz;fasp.sra.ebi.ac.uk:/vol1/fastq/SRR171/029/SRR17111329/SRR17111329_2.fastq.gz	ftp.sra.ebi.ac.uk/vol1/fastq/SRR171/029/SRR17111329/SRR17111329_1.fastq.gz;ftp.sra.ebi.ac.uk/vol1/fastq/SRR171/029/SRR17111329/SRR17111329_2.fastq.gz							2827874929	9188156b6f8485c9e5c84e9c5ea170e1	ftp.sra.ebi.ac.uk/vol1/srr/SRR171/029/SRR17111329.lite	fasp.sra.ebi.ac.uk:/vol1/srr/SRR171/029/SRR17111329.lite	ftp.sra.ebi.ac.uk/vol1/srr/SRR171/029/SRR17111329.lite	GSM5713000		MEC1 SF3B1 K700E rep 1 H3B-8800		2023-08-08			
SRR17111334	PRJNA785817	SRP349102	SAMN23582747	SRS11208282	SRX13298592	SRA1338067	9606	Homo sapiens	ILLUMINA	Illumina HiSeq 2500			PAIRED	RNA-Seq	TRANSCRIPTOMIC	cDNA	32759912	8189978000	GEO	2023-08-08	2023-08-09	Illumina HiSeq 2500 sequencing: GSM5713002: MEC1 SF3B1 K700E rep 3 H3B-8800 Homo sapiens RNA-Seq	Chronic Lymphocytic Leukemia MEC1 SF3B1 K700E and Wild Type Cell Lines' RNA-seq after Treatment with H3B-8800 Splicing Modulator.	GSE190087	GSM5713002	GSM5713002_r1	1527362317;1529691044	0bc0fc001654a42362b7aba9889a5713;e3719903d7201ff5ddaf9655f68e7260	ftp.sra.ebi.ac.uk/vol1/fastq/SRR171/034/SRR17111334/SRR17111334_1.fastq.gz;ftp.sra.ebi.ac.uk/vol1/fastq/SRR171/034/SRR17111334/SRR17111334_2.fastq.gz	fasp.sra.ebi.ac.uk:/vol1/fastq/SRR171/034/SRR17111334/SRR17111334_1.fastq.gz;fasp.sra.ebi.ac.uk:/vol1/fastq/SRR171/034/SRR17111334/SRR17111334_2.fastq.gz	ftp.sra.ebi.ac.uk/vol1/fastq/SRR171/034/SRR17111334/SRR17111334_1.fastq.gz;ftp.sra.ebi.ac.uk/vol1/fastq/SRR171/034/SRR17111334/SRR17111334_2.fastq.gz							2053016929	14df434651a09737d79912b68fcee6f6	ftp.sra.ebi.ac.uk/vol1/srr/SRR171/034/SRR17111334.lite	fasp.sra.ebi.ac.uk:/vol1/srr/SRR171/034/SRR17111334.lite	ftp.sra.ebi.ac.uk/vol1/srr/SRR171/034/SRR17111334.lite	GSM5713002		MEC1 SF3B1 K700E rep 3 H3B-8800		2023-08-08			
SRR17111330	PRJNA785817	SRP349102	SAMN23582760	SRS11208280	SRX13298590	SRA1338067	9606	Homo sapiens	ILLUMINA	Illumina HiSeq 2500			PAIRED	RNA-Seq	TRANSCRIPTOMIC	cDNA	53077030	13269257500	GEO	2023-08-08	2023-08-09	Illumina HiSeq 2500 sequencing: GSM5713000: MEC1 SF3B1 K700E rep 1 H3B-8800 Homo sapiens RNA-Seq	Chronic Lymphocytic Leukemia MEC1 SF3B1 K700E and Wild Type Cell Lines' RNA-seq after Treatment with H3B-8800 Splicing Modulator.	GSE190087	GSM5713000	GSM5713000_r3	2472916238;2478279090	867e46bac4672fe1e3f7436fe3a595ad;7182cf6b0b989400031e6ba309f28e8c	ftp.sra.ebi.ac.uk/vol1/fastq/SRR171/030/SRR17111330/SRR17111330_1.fastq.gz;ftp.sra.ebi.ac.uk/vol1/fastq/SRR171/030/SRR17111330/SRR17111330_2.fastq.gz	fasp.sra.ebi.ac.uk:/vol1/fastq/SRR171/030/SRR17111330/SRR17111330_1.fastq.gz;fasp.sra.ebi.ac.uk:/vol1/fastq/SRR171/030/SRR17111330/SRR17111330_2.fastq.gz	ftp.sra.ebi.ac.uk/vol1/fastq/SRR171/030/SRR17111330/SRR17111330_1.fastq.gz;ftp.sra.ebi.ac.uk/vol1/fastq/SRR171/030/SRR17111330/SRR17111330_2.fastq.gz							3324520963	2723320d2d0e665bb3cdf72a90564a34	ftp.sra.ebi.ac.uk/vol1/srr/SRR171/030/SRR17111330.lite	fasp.sra.ebi.ac.uk:/vol1/srr/SRR171/030/SRR17111330.lite	ftp.sra.ebi.ac.uk/vol1/srr/SRR171/030/SRR17111330.lite	GSM5713000		MEC1 SF3B1 K700E rep 1 H3B-8800		2023-08-08			
SRR17111335	PRJNA785817	SRP349102	SAMN23582747	SRS11208282	SRX13298592	SRA1338067	9606	Homo sapiens	ILLUMINA	Illumina HiSeq 2500			PAIRED	RNA-Seq	TRANSCRIPTOMIC	cDNA	42082292	10520573000	GEO	2023-08-08	2023-08-09	Illumina HiSeq 2500 sequencing: GSM5713002: MEC1 SF3B1 K700E rep 3 H3B-8800 Homo sapiens RNA-Seq	Chronic Lymphocytic Leukemia MEC1 SF3B1 K700E and Wild Type Cell Lines' RNA-seq after Treatment with H3B-8800 Splicing Modulator.	GSE190087	GSM5713002	GSM5713002_r2	1961996778;1965062814	82a89e4d82c1f45453976f1638fe4490;1231a1df5b9ad2831e2b262329b18a9d	ftp.sra.ebi.ac.uk/vol1/fastq/SRR171/035/SRR17111335/SRR17111335_1.fastq.gz;ftp.sra.ebi.ac.uk/vol1/fastq/SRR171/035/SRR17111335/SRR17111335_2.fastq.gz	fasp.sra.ebi.ac.uk:/vol1/fastq/SRR171/035/SRR17111335/SRR17111335_1.fastq.gz;fasp.sra.ebi.ac.uk:/vol1/fastq/SRR171/035/SRR17111335/SRR17111335_2.fastq.gz	ftp.sra.ebi.ac.uk/vol1/fastq/SRR171/035/SRR17111335/SRR17111335_1.fastq.gz;ftp.sra.ebi.ac.uk/vol1/fastq/SRR171/035/SRR17111335/SRR17111335_2.fastq.gz							2636565248	a14f1b126e9c8fbcd11e294ed071ff90	ftp.sra.ebi.ac.uk/vol1/srr/SRR171/035/SRR17111335.lite	fasp.sra.ebi.ac.uk:/vol1/srr/SRR171/035/SRR17111335.lite	ftp.sra.ebi.ac.uk/vol1/srr/SRR171/035/SRR17111335.lite	GSM5713002		MEC1 SF3B1 K700E rep 3 H3B-8800		2023-08-08			
SRR17111302	PRJNA785817	SRP349102	SAMN23582748	SRS11208271	SRX13298581	SRA1338067	9606	Homo sapiens	ILLUMINA	Illumina HiSeq 2500			PAIRED	RNA-Seq	TRANSCRIPTOMIC	cDNA	57853425	14463356250	GEO	2023-08-08	2023-08-09	Illumina HiSeq 2500 sequencing: GSM5712991: MEC1 SF3B1 WT rep 1 Homo sapiens RNA-Seq	Chronic Lymphocytic Leukemia MEC1 SF3B1 K700E and Wild Type Cell Lines' RNA-seq after Treatment with H3B-8800 Splicing Modulator.	GSE190087	GSM5712991	GSM5712991_r2	2705252542;2710387599	c145756b405336ac33fc31f76fe24410;3d687ea388c559cb48398e4cd99471a0	ftp.sra.ebi.ac.uk/vol1/fastq/SRR171/002/SRR17111302/SRR17111302_1.fastq.gz;ftp.sra.ebi.ac.uk/vol1/fastq/SRR171/002/SRR17111302/SRR17111302_2.fastq.gz	fasp.sra.ebi.ac.uk:/vol1/fastq/SRR171/002/SRR17111302/SRR17111302_1.fastq.gz;fasp.sra.ebi.ac.uk:/vol1/fastq/SRR171/002/SRR17111302/SRR17111302_2.fastq.gz	ftp.sra.ebi.ac.uk/vol1/fastq/SRR171/002/SRR17111302/SRR17111302_1.fastq.gz;ftp.sra.ebi.ac.uk/vol1/fastq/SRR171/002/SRR17111302/SRR17111302_2.fastq.gz							3623500871	f03f13c970bdd7aca0f0a2f18f06db90	ftp.sra.ebi.ac.uk/vol1/srr/SRR171/002/SRR17111302.lite	fasp.sra.ebi.ac.uk:/vol1/srr/SRR171/002/SRR17111302.lite	ftp.sra.ebi.ac.uk/vol1/srr/SRR171/002/SRR17111302.lite	GSM5712991		MEC1 SF3B1 WT rep 1		2023-08-08			
SRR17111304	PRJNA785817	SRP349102	SAMN23582750	SRS11208272	SRX13298582	SRA1338067	9606	Homo sapiens	ILLUMINA	Illumina HiSeq 2500			PAIRED	RNA-Seq	TRANSCRIPTOMIC	cDNA	35546437	8886609250	GEO	2023-08-08	2023-08-09	Illumina HiSeq 2500 sequencing: GSM5712992: MEC1 SF3B1 WT rep 2 Homo sapiens RNA-Seq	Chronic Lymphocytic Leukemia MEC1 SF3B1 K700E and Wild Type Cell Lines' RNA-seq after Treatment with H3B-8800 Splicing Modulator.	GSE190087	GSM5712992	GSM5712992_r1	1660445624;1663313626	e5eac208bbaeb424d2725124bde86ebf;349d483f99348f0c6cccd8999404a883	ftp.sra.ebi.ac.uk/vol1/fastq/SRR171/004/SRR17111304/SRR17111304_1.fastq.gz;ftp.sra.ebi.ac.uk/vol1/fastq/SRR171/004/SRR17111304/SRR17111304_2.fastq.gz	fasp.sra.ebi.ac.uk:/vol1/fastq/SRR171/004/SRR17111304/SRR17111304_1.fastq.gz;fasp.sra.ebi.ac.uk:/vol1/fastq/SRR171/004/SRR17111304/SRR17111304_2.fastq.gz	ftp.sra.ebi.ac.uk/vol1/fastq/SRR171/004/SRR17111304/SRR17111304_1.fastq.gz;ftp.sra.ebi.ac.uk/vol1/fastq/SRR171/004/SRR17111304/SRR17111304_2.fastq.gz							2227492527	9dd2405c8c06091ca02fd98170e9b0e8	ftp.sra.ebi.ac.uk/vol1/srr/SRR171/004/SRR17111304.lite	fasp.sra.ebi.ac.uk:/vol1/srr/SRR171/004/SRR17111304.lite	ftp.sra.ebi.ac.uk/vol1/srr/SRR171/004/SRR17111304.lite	GSM5712992		MEC1 SF3B1 WT rep 2		2023-08-08			
SRR17111305	PRJNA785817	SRP349102	SAMN23582750	SRS11208272	SRX13298582	SRA1338067	9606	Homo sapiens	ILLUMINA	Illumina HiSeq 2500			PAIRED	RNA-Seq	TRANSCRIPTOMIC	cDNA	54248744	13562186000	GEO	2023-08-08	2023-08-09	Illumina HiSeq 2500 sequencing: GSM5712992: MEC1 SF3B1 WT rep 2 Homo sapiens RNA-Seq	Chronic Lymphocytic Leukemia MEC1 SF3B1 K700E and Wild Type Cell Lines' RNA-seq after Treatment with H3B-8800 Splicing Modulator.	GSE190087	GSM5712992	GSM5712992_r2	2534365632;2538773972	f699fe395bb97a3899ad156ca6060b37;f070f29db751ae0adc624930c9e59fee	ftp.sra.ebi.ac.uk/vol1/fastq/SRR171/005/SRR17111305/SRR17111305_1.fastq.gz;ftp.sra.ebi.ac.uk/vol1/fastq/SRR171/005/SRR17111305/SRR17111305_2.fastq.gz	fasp.sra.ebi.ac.uk:/vol1/fastq/SRR171/005/SRR17111305/SRR17111305_1.fastq.gz;fasp.sra.ebi.ac.uk:/vol1/fastq/SRR171/005/SRR17111305/SRR17111305_2.fastq.gz	ftp.sra.ebi.ac.uk/vol1/fastq/SRR171/005/SRR17111305/SRR17111305_1.fastq.gz;ftp.sra.ebi.ac.uk/vol1/fastq/SRR171/005/SRR17111305/SRR17111305_2.fastq.gz							3398564834	fe60bd0547260f9ef27c1ee71c22d9bd	ftp.sra.ebi.ac.uk/vol1/srr/SRR171/005/SRR17111305.lite	fasp.sra.ebi.ac.uk:/vol1/srr/SRR171/005/SRR17111305.lite	ftp.sra.ebi.ac.uk/vol1/srr/SRR171/005/SRR17111305.lite	GSM5712992		MEC1 SF3B1 WT rep 2		2023-08-08			
SRR17111306	PRJNA785817	SRP349102	SAMN23582750	SRS11208272	SRX13298582	SRA1338067	9606	Homo sapiens	ILLUMINA	Illumina HiSeq 2500			PAIRED	RNA-Seq	TRANSCRIPTOMIC	cDNA	26887912	6721978000	GEO	2023-08-08	2023-08-09	Illumina HiSeq 2500 sequencing: GSM5712992: MEC1 SF3B1 WT rep 2 Homo sapiens RNA-Seq	Chronic Lymphocytic Leukemia MEC1 SF3B1 K700E and Wild Type Cell Lines' RNA-seq after Treatment with H3B-8800 Splicing Modulator.	GSE190087	GSM5712992	GSM5712992_r3	1255000400;1258284690	3a6f6a5b4c1069e73feeb90c44f64fdd;b6699e8d91f5df8091ec0c477f4bbef9	ftp.sra.ebi.ac.uk/vol1/fastq/SRR171/006/SRR17111306/SRR17111306_1.fastq.gz;ftp.sra.ebi.ac.uk/vol1/fastq/SRR171/006/SRR17111306/SRR17111306_2.fastq.gz	fasp.sra.ebi.ac.uk:/vol1/fastq/SRR171/006/SRR17111306/SRR17111306_1.fastq.gz;fasp.sra.ebi.ac.uk:/vol1/fastq/SRR171/006/SRR17111306/SRR17111306_2.fastq.gz	ftp.sra.ebi.ac.uk/vol1/fastq/SRR171/006/SRR17111306/SRR17111306_1.fastq.gz;ftp.sra.ebi.ac.uk/vol1/fastq/SRR171/006/SRR17111306/SRR17111306_2.fastq.gz							1684246823	d1061d33590c77268fd5dbfdbbf657a8	ftp.sra.ebi.ac.uk/vol1/srr/SRR171/006/SRR17111306.lite	fasp.sra.ebi.ac.uk:/vol1/srr/SRR171/006/SRR17111306.lite	ftp.sra.ebi.ac.uk/vol1/srr/SRR171/006/SRR17111306.lite	GSM5712992		MEC1 SF3B1 WT rep 2		2023-08-08			
SRR17111312	PRJNA785817	SRP349102	SAMN23582753	SRS11208274	SRX13298584	SRA1338067	9606	Homo sapiens	ILLUMINA	Illumina HiSeq 2500			PAIRED	RNA-Seq	TRANSCRIPTOMIC	cDNA	56906650	14226662500	GEO	2023-08-08	2023-08-09	Illumina HiSeq 2500 sequencing: GSM5712994: MEC1 SF3B1 K700E rep1 Homo sapiens RNA-Seq	Chronic Lymphocytic Leukemia MEC1 SF3B1 K700E and Wild Type Cell Lines' RNA-seq after Treatment with H3B-8800 Splicing Modulator.	GSE190087	GSM5712994	GSM5712994_r3	2659782816;2666220966	187fadf15bb4021d30ed07f8b4508d6c;f9f26227ff32be6627f8a029e731566f	ftp.sra.ebi.ac.uk/vol1/fastq/SRR171/012/SRR17111312/SRR17111312_1.fastq.gz;ftp.sra.ebi.ac.uk/vol1/fastq/SRR171/012/SRR17111312/SRR17111312_2.fastq.gz	fasp.sra.ebi.ac.uk:/vol1/fastq/SRR171/012/SRR17111312/SRR17111312_1.fastq.gz;fasp.sra.ebi.ac.uk:/vol1/fastq/SRR171/012/SRR17111312/SRR17111312_2.fastq.gz	ftp.sra.ebi.ac.uk/vol1/fastq/SRR171/012/SRR17111312/SRR17111312_1.fastq.gz;ftp.sra.ebi.ac.uk/vol1/fastq/SRR171/012/SRR17111312/SRR17111312_2.fastq.gz							3564400787	5534fd8d74a32d38726294dd6cb90ef4	ftp.sra.ebi.ac.uk/vol1/srr/SRR171/012/SRR17111312.lite	fasp.sra.ebi.ac.uk:/vol1/srr/SRR171/012/SRR17111312.lite	ftp.sra.ebi.ac.uk/vol1/srr/SRR171/012/SRR17111312.lite	GSM5712994		MEC1 SF3B1 K700E rep1		2023-08-08			
SRR17111314	PRJNA785817	SRP349102	SAMN23582754	SRS11208275	SRX13298585	SRA1338067	9606	Homo sapiens	ILLUMINA	Illumina HiSeq 2500			PAIRED	RNA-Seq	TRANSCRIPTOMIC	cDNA	49085323	12271330750	GEO	2023-08-08	2023-08-09	Illumina HiSeq 2500 sequencing: GSM5712995: MEC1 SF3B1 K700E rep2 Homo sapiens RNA-Seq	Chronic Lymphocytic Leukemia MEC1 SF3B1 K700E and Wild Type Cell Lines' RNA-seq after Treatment with H3B-8800 Splicing Modulator.	GSE190087	GSM5712995	GSM5712995_r2	2293905562;2297855718	0b345d3d636b0b2c6e23427727a9d0b5;d4a53fd617947c7bc0656843301aa563	ftp.sra.ebi.ac.uk/vol1/fastq/SRR171/014/SRR17111314/SRR17111314_1.fastq.gz;ftp.sra.ebi.ac.uk/vol1/fastq/SRR171/014/SRR17111314/SRR17111314_2.fastq.gz	fasp.sra.ebi.ac.uk:/vol1/fastq/SRR171/014/SRR17111314/SRR17111314_1.fastq.gz;fasp.sra.ebi.ac.uk:/vol1/fastq/SRR171/014/SRR17111314/SRR17111314_2.fastq.gz	ftp.sra.ebi.ac.uk/vol1/fastq/SRR171/014/SRR17111314/SRR17111314_1.fastq.gz;ftp.sra.ebi.ac.uk/vol1/fastq/SRR171/014/SRR17111314/SRR17111314_2.fastq.gz							3075159951	6d6b68a6e7f5cb5a7d861fddfadde912	ftp.sra.ebi.ac.uk/vol1/srr/SRR171/014/SRR17111314.lite	fasp.sra.ebi.ac.uk:/vol1/srr/SRR171/014/SRR17111314.lite	ftp.sra.ebi.ac.uk/vol1/srr/SRR171/014/SRR17111314.lite	GSM5712995		MEC1 SF3B1 K700E rep2		2023-08-08			
SRR17111316	PRJNA785817	SRP349102	SAMN23582755	SRS11208276	SRX13298586	SRA1338067	9606	Homo sapiens	ILLUMINA	Illumina HiSeq 2500			PAIRED	RNA-Seq	TRANSCRIPTOMIC	cDNA	30762000	7690500000	GEO	2023-08-08	2023-08-09	Illumina HiSeq 2500 sequencing: GSM5712996: MEC1 SF3B1 K700E rep3 Homo sapiens RNA-Seq	Chronic Lymphocytic Leukemia MEC1 SF3B1 K700E and Wild Type Cell Lines' RNA-seq after Treatment with H3B-8800 Splicing Modulator.	GSE190087	GSM5712996	GSM5712996_r1	1436809447;1439093353	05fffb7f17ea04c0ac51d5cc90fdaabd;3bf8a6a724a6e4d8b2d27a48b0e83451	ftp.sra.ebi.ac.uk/vol1/fastq/SRR171/016/SRR17111316/SRR17111316_1.fastq.gz;ftp.sra.ebi.ac.uk/vol1/fastq/SRR171/016/SRR17111316/SRR17111316_2.fastq.gz	fasp.sra.ebi.ac.uk:/vol1/fastq/SRR171/016/SRR17111316/SRR17111316_1.fastq.gz;fasp.sra.ebi.ac.uk:/vol1/fastq/SRR171/016/SRR17111316/SRR17111316_2.fastq.gz	ftp.sra.ebi.ac.uk/vol1/fastq/SRR171/016/SRR17111316/SRR17111316_1.fastq.gz;ftp.sra.ebi.ac.uk/vol1/fastq/SRR171/016/SRR17111316/SRR17111316_2.fastq.gz							1927719618	10f07c9cc39182932f4e78346db19211	ftp.sra.ebi.ac.uk/vol1/srr/SRR171/016/SRR17111316.lite	fasp.sra.ebi.ac.uk:/vol1/srr/SRR171/016/SRR17111316.lite	ftp.sra.ebi.ac.uk/vol1/srr/SRR171/016/SRR17111316.lite	GSM5712996		MEC1 SF3B1 K700E rep3		2023-08-08			
SRR17111321	PRJNA785817	SRP349102	SAMN23582757	SRS11208278	SRX13298587	SRA1338067	9606	Homo sapiens	ILLUMINA	Illumina HiSeq 2500			PAIRED	RNA-Seq	TRANSCRIPTOMIC	cDNA	43753693	10938423250	GEO	2023-08-08	2023-08-09	Illumina HiSeq 2500 sequencing: GSM5712997: MEC1 SF3B1 WT rep 1 H3B-8800 Homo sapiens RNA-Seq	Chronic Lymphocytic Leukemia MEC1 SF3B1 K700E and Wild Type Cell Lines' RNA-seq after Treatment with H3B-8800 Splicing Modulator.	GSE190087	GSM5712997	GSM5712997_r3	2039767381;2044496194	50074387d1342ef4655d804de0b9ac6e;9f92ce5d0b0848c9d959a85e0de2c899	ftp.sra.ebi.ac.uk/vol1/fastq/SRR171/021/SRR17111321/SRR17111321_1.fastq.gz;ftp.sra.ebi.ac.uk/vol1/fastq/SRR171/021/SRR17111321/SRR17111321_2.fastq.gz	fasp.sra.ebi.ac.uk:/vol1/fastq/SRR171/021/SRR17111321/SRR17111321_1.fastq.gz;fasp.sra.ebi.ac.uk:/vol1/fastq/SRR171/021/SRR17111321/SRR17111321_2.fastq.gz	ftp.sra.ebi.ac.uk/vol1/fastq/SRR171/021/SRR17111321/SRR17111321_1.fastq.gz;ftp.sra.ebi.ac.uk/vol1/fastq/SRR171/021/SRR17111321/SRR17111321_2.fastq.gz							2740632392	bf3d8879e0cb3bd555cce8e3b397732b	ftp.sra.ebi.ac.uk/vol1/srr/SRR171/021/SRR17111321.lite	fasp.sra.ebi.ac.uk:/vol1/srr/SRR171/021/SRR17111321.lite	ftp.sra.ebi.ac.uk/vol1/srr/SRR171/021/SRR17111321.lite	GSM5712997		MEC1 SF3B1 WT rep 1 H3B-8800		2023-08-08			
SRR17111322	PRJNA785817	SRP349102	SAMN23582758	SRS11208277	SRX13298588	SRA1338067	9606	Homo sapiens	ILLUMINA	Illumina HiSeq 2500			PAIRED	RNA-Seq	TRANSCRIPTOMIC	cDNA	31402211	7850552750	GEO	2023-08-08	2023-08-09	Illumina HiSeq 2500 sequencing: GSM5712998: MEC1 SF3B1 WT rep 2 H3B-8800 Homo sapiens RNA-Seq	Chronic Lymphocytic Leukemia MEC1 SF3B1 K700E and Wild Type Cell Lines' RNA-seq after Treatment with H3B-8800 Splicing Modulator.	GSE190087	GSM5712998	GSM5712998_r1	1463933208;1465928478	649a3d463f46f4b7eb0e1e06f6310ec4;c1ddc6bb76743491f56f428fc59ac2e4	ftp.sra.ebi.ac.uk/vol1/fastq/SRR171/022/SRR17111322/SRR17111322_1.fastq.gz;ftp.sra.ebi.ac.uk/vol1/fastq/SRR171/022/SRR17111322/SRR17111322_2.fastq.gz	fasp.sra.ebi.ac.uk:/vol1/fastq/SRR171/022/SRR17111322/SRR17111322_1.fastq.gz;fasp.sra.ebi.ac.uk:/vol1/fastq/SRR171/022/SRR17111322/SRR17111322_2.fastq.gz	ftp.sra.ebi.ac.uk/vol1/fastq/SRR171/022/SRR17111322/SRR17111322_1.fastq.gz;ftp.sra.ebi.ac.uk/vol1/fastq/SRR171/022/SRR17111322/SRR17111322_2.fastq.gz							1967798030	00003c2c2837eb240eeec4039212796b	ftp.sra.ebi.ac.uk/vol1/srr/SRR171/022/SRR17111322.lite	fasp.sra.ebi.ac.uk:/vol1/srr/SRR171/022/SRR17111322.lite	ftp.sra.ebi.ac.uk/vol1/srr/SRR171/022/SRR17111322.lite	GSM5712998		MEC1 SF3B1 WT rep 2 H3B-8800		2023-08-08			
SRR17111324	PRJNA785817	SRP349102	SAMN23582758	SRS11208277	SRX13298588	SRA1338067	9606	Homo sapiens	ILLUMINA	Illumina HiSeq 2500			PAIRED	RNA-Seq	TRANSCRIPTOMIC	cDNA	55057442	13764360500	GEO	2023-08-08	2023-08-09	Illumina HiSeq 2500 sequencing: GSM5712998: MEC1 SF3B1 WT rep 2 H3B-8800 Homo sapiens RNA-Seq	Chronic Lymphocytic Leukemia MEC1 SF3B1 K700E and Wild Type Cell Lines' RNA-seq after Treatment with H3B-8800 Splicing Modulator.	GSE190087	GSM5712998	GSM5712998_r3	2566171017;2571941679	07fc910442b474eb3a7679291baf65a9;8d34fd7bf8c32e47d6500038cfacfdae	ftp.sra.ebi.ac.uk/vol1/fastq/SRR171/024/SRR17111324/SRR17111324_1.fastq.gz;ftp.sra.ebi.ac.uk/vol1/fastq/SRR171/024/SRR17111324/SRR17111324_2.fastq.gz	fasp.sra.ebi.ac.uk:/vol1/fastq/SRR171/024/SRR17111324/SRR17111324_1.fastq.gz;fasp.sra.ebi.ac.uk:/vol1/fastq/SRR171/024/SRR17111324/SRR17111324_2.fastq.gz	ftp.sra.ebi.ac.uk/vol1/fastq/SRR171/024/SRR17111324/SRR17111324_1.fastq.gz;ftp.sra.ebi.ac.uk/vol1/fastq/SRR171/024/SRR17111324/SRR17111324_2.fastq.gz							3448584307	1fd76d6c3115eb32a97ec435b9f73aec	ftp.sra.ebi.ac.uk/vol1/srr/SRR171/024/SRR17111324.lite	fasp.sra.ebi.ac.uk:/vol1/srr/SRR171/024/SRR17111324.lite	ftp.sra.ebi.ac.uk/vol1/srr/SRR171/024/SRR17111324.lite	GSM5712998		MEC1 SF3B1 WT rep 2 H3B-8800		2023-08-08			
SRR17111328	PRJNA785817	SRP349102	SAMN23582760	SRS11208280	SRX13298590	SRA1338067	9606	Homo sapiens	ILLUMINA	Illumina HiSeq 2500			PAIRED	RNA-Seq	TRANSCRIPTOMIC	cDNA	30019682	7504920500	GEO	2023-08-08	2023-08-09	Illumina HiSeq 2500 sequencing: GSM5713000: MEC1 SF3B1 K700E rep 1 H3B-8800 Homo sapiens RNA-Seq	Chronic Lymphocytic Leukemia MEC1 SF3B1 K700E and Wild Type Cell Lines' RNA-seq after Treatment with H3B-8800 Splicing Modulator.	GSE190087	GSM5713000	GSM5713000_r1	1398864548;1400655559	2e04df750f1d086f8460a28660beeeca;ec5b61ac8a48a9b51a2fdd2367457fd8	ftp.sra.ebi.ac.uk/vol1/fastq/SRR171/028/SRR17111328/SRR17111328_1.fastq.gz;ftp.sra.ebi.ac.uk/vol1/fastq/SRR171/028/SRR17111328/SRR17111328_2.fastq.gz	fasp.sra.ebi.ac.uk:/vol1/fastq/SRR171/028/SRR17111328/SRR17111328_1.fastq.gz;fasp.sra.ebi.ac.uk:/vol1/fastq/SRR171/028/SRR17111328/SRR17111328_2.fastq.gz	ftp.sra.ebi.ac.uk/vol1/fastq/SRR171/028/SRR17111328/SRR17111328_1.fastq.gz;ftp.sra.ebi.ac.uk/vol1/fastq/SRR171/028/SRR17111328/SRR17111328_2.fastq.gz							1881151308	4257169fc69e8c99853fe0c63d1c6737	ftp.sra.ebi.ac.uk/vol1/srr/SRR171/028/SRR17111328.lite	fasp.sra.ebi.ac.uk:/vol1/srr/SRR171/028/SRR17111328.lite	ftp.sra.ebi.ac.uk/vol1/srr/SRR171/028/SRR17111328.lite	GSM5713000		MEC1 SF3B1 K700E rep 1 H3B-8800		2023-08-08			
SRR17111331	PRJNA785817	SRP349102	SAMN23582745	SRS11208281	SRX13298591	SRA1338067	9606	Homo sapiens	ILLUMINA	Illumina HiSeq 2500			PAIRED	RNA-Seq	TRANSCRIPTOMIC	cDNA	29119553	7279888250	GEO	2023-08-08	2023-08-09	Illumina HiSeq 2500 sequencing: GSM5713001: MEC1 SF3B1 K700E rep 2 H3B-8800 Homo sapiens RNA-Seq	Chronic Lymphocytic Leukemia MEC1 SF3B1 K700E and Wild Type Cell Lines' RNA-seq after Treatment with H3B-8800 Splicing Modulator.	GSE190087	GSM5713001	GSM5713001_r1	1357915945;1360403909	9012a2ae25e12a3586782a812fdde90b;16ff35d7f5d1b8089aa5c9b079ac3cd8	ftp.sra.ebi.ac.uk/vol1/fastq/SRR171/031/SRR17111331/SRR17111331_1.fastq.gz;ftp.sra.ebi.ac.uk/vol1/fastq/SRR171/031/SRR17111331/SRR17111331_2.fastq.gz	fasp.sra.ebi.ac.uk:/vol1/fastq/SRR171/031/SRR17111331/SRR17111331_1.fastq.gz;fasp.sra.ebi.ac.uk:/vol1/fastq/SRR171/031/SRR17111331/SRR17111331_2.fastq.gz	ftp.sra.ebi.ac.uk/vol1/fastq/SRR171/031/SRR17111331/SRR17111331_1.fastq.gz;ftp.sra.ebi.ac.uk/vol1/fastq/SRR171/031/SRR17111331/SRR17111331_2.fastq.gz							1825051506	e98dc7f7b61b625477c83228a71f1407	ftp.sra.ebi.ac.uk/vol1/srr/SRR171/031/SRR17111331.lite	fasp.sra.ebi.ac.uk:/vol1/srr/SRR171/031/SRR17111331.lite	ftp.sra.ebi.ac.uk/vol1/srr/SRR171/031/SRR17111331.lite	GSM5713001		MEC1 SF3B1 K700E rep 2 H3B-8800		2023-08-08			
SRR17111332	PRJNA785817	SRP349102	SAMN23582745	SRS11208281	SRX13298591	SRA1338067	9606	Homo sapiens	ILLUMINA	Illumina HiSeq 2500			PAIRED	RNA-Seq	TRANSCRIPTOMIC	cDNA	46274232	11568558000	GEO	2023-08-08	2023-08-09	Illumina HiSeq 2500 sequencing: GSM5713001: MEC1 SF3B1 K700E rep 2 H3B-8800 Homo sapiens RNA-Seq	Chronic Lymphocytic Leukemia MEC1 SF3B1 K700E and Wild Type Cell Lines' RNA-seq after Treatment with H3B-8800 Splicing Modulator.	GSE190087	GSM5713001	GSM5713001_r2	2158227918;2162220367	0678d6e900496bffb90a1e1eb814711b;5808b378e37e1cd36d5cf819fae82b29	ftp.sra.ebi.ac.uk/vol1/fastq/SRR171/032/SRR17111332/SRR17111332_1.fastq.gz;ftp.sra.ebi.ac.uk/vol1/fastq/SRR171/032/SRR17111332/SRR17111332_2.fastq.gz	fasp.sra.ebi.ac.uk:/vol1/fastq/SRR171/032/SRR17111332/SRR17111332_1.fastq.gz;fasp.sra.ebi.ac.uk:/vol1/fastq/SRR171/032/SRR17111332/SRR17111332_2.fastq.gz	ftp.sra.ebi.ac.uk/vol1/fastq/SRR171/032/SRR17111332/SRR17111332_1.fastq.gz;ftp.sra.ebi.ac.uk/vol1/fastq/SRR171/032/SRR17111332/SRR17111332_2.fastq.gz							2899420552	901b1e6a7f617135dd6148f5747034a0	ftp.sra.ebi.ac.uk/vol1/srr/SRR171/032/SRR17111332.lite	fasp.sra.ebi.ac.uk:/vol1/srr/SRR171/032/SRR17111332.lite	ftp.sra.ebi.ac.uk/vol1/srr/SRR171/032/SRR17111332.lite	GSM5713001		MEC1 SF3B1 K700E rep 2 H3B-8800		2023-08-08			
SRR17111333	PRJNA785817	SRP349102	SAMN23582745	SRS11208281	SRX13298591	SRA1338067	9606	Homo sapiens	ILLUMINA	Illumina HiSeq 2500			PAIRED	RNA-Seq	TRANSCRIPTOMIC	cDNA	52085983	13021495750	GEO	2023-08-08	2023-08-09	Illumina HiSeq 2500 sequencing: GSM5713001: MEC1 SF3B1 K700E rep 2 H3B-8800 Homo sapiens RNA-Seq	Chronic Lymphocytic Leukemia MEC1 SF3B1 K700E and Wild Type Cell Lines' RNA-seq after Treatment with H3B-8800 Splicing Modulator.	GSE190087	GSM5713001	GSM5713001_r3	2428530627;2435086852	8e3258df7d355827a81aab2fc84c37df;b52752157a17f753b352673dac692cc1	ftp.sra.ebi.ac.uk/vol1/fastq/SRR171/033/SRR17111333/SRR17111333_1.fastq.gz;ftp.sra.ebi.ac.uk/vol1/fastq/SRR171/033/SRR17111333/SRR17111333_2.fastq.gz	fasp.sra.ebi.ac.uk:/vol1/fastq/SRR171/033/SRR17111333/SRR17111333_1.fastq.gz;fasp.sra.ebi.ac.uk:/vol1/fastq/SRR171/033/SRR17111333/SRR17111333_2.fastq.gz	ftp.sra.ebi.ac.uk/vol1/fastq/SRR171/033/SRR17111333/SRR17111333_1.fastq.gz;ftp.sra.ebi.ac.uk/vol1/fastq/SRR171/033/SRR17111333/SRR17111333_2.fastq.gz							3262908052	97d5298eddd7958576e55e20faaa7407	ftp.sra.ebi.ac.uk/vol1/srr/SRR171/033/SRR17111333.lite	fasp.sra.ebi.ac.uk:/vol1/srr/SRR171/033/SRR17111333.lite	ftp.sra.ebi.ac.uk/vol1/srr/SRR171/033/SRR17111333.lite	GSM5713001		MEC1 SF3B1 K700E rep 2 H3B-8800		2023-08-08			
SRR17111336	PRJNA785817	SRP349102	SAMN23582747	SRS11208282	SRX13298592	SRA1338067	9606	Homo sapiens	ILLUMINA	Illumina HiSeq 2500			PAIRED	RNA-Seq	TRANSCRIPTOMIC	cDNA	54400022	13600005500	GEO	2023-08-08	2023-08-09	Illumina HiSeq 2500 sequencing: GSM5713002: MEC1 SF3B1 K700E rep 3 H3B-8800 Homo sapiens RNA-Seq	Chronic Lymphocytic Leukemia MEC1 SF3B1 K700E and Wild Type Cell Lines' RNA-seq after Treatment with H3B-8800 Splicing Modulator.	GSE190087	GSM5713002	GSM5713002_r3	2535750650;2541850086	0623c501df9875690c01168e7d1a0586;6daa5e064785b6036e2cf40e0d8776b8	ftp.sra.ebi.ac.uk/vol1/fastq/SRR171/036/SRR17111336/SRR17111336_1.fastq.gz;ftp.sra.ebi.ac.uk/vol1/fastq/SRR171/036/SRR17111336/SRR17111336_2.fastq.gz	fasp.sra.ebi.ac.uk:/vol1/fastq/SRR171/036/SRR17111336/SRR17111336_1.fastq.gz;fasp.sra.ebi.ac.uk:/vol1/fastq/SRR171/036/SRR17111336/SRR17111336_2.fastq.gz	ftp.sra.ebi.ac.uk/vol1/fastq/SRR171/036/SRR17111336/SRR17111336_1.fastq.gz;ftp.sra.ebi.ac.uk/vol1/fastq/SRR171/036/SRR17111336/SRR17111336_2.fastq.gz							3407583570	00f5be1ed3b778e3c71a8b4a5bfb8f93	ftp.sra.ebi.ac.uk/vol1/srr/SRR171/036/SRR17111336.lite	fasp.sra.ebi.ac.uk:/vol1/srr/SRR171/036/SRR17111336.lite	ftp.sra.ebi.ac.uk/vol1/srr/SRR171/036/SRR17111336.lite	GSM5713002		MEC1 SF3B1 K700E rep 3 H3B-8800		2023-08-08			
SRR2103589	PRJNA290019	SRP061203	SAMN03861964	SRS993071	SRX1098130	SRA278140	9606	Homo sapiens	ILLUMINA	Illumina MiSeq			PAIRED	RNA-Seq	TRANSCRIPTOMIC	cDNA	36378847	5529584744	GEO	2016-07-16	2019-12-29	Illumina MiSeq sequencing: GSM1824082: MP5_K562_MUT+_2 Homo sapiens RNA-Seq	Transcriptome analysis of SF3B1-mutation induced changes in K562 cells	GSE70959	GSM1824082	GSM1824082_r1	2147657225;2104502749	0b499a384166d757ccb8f71a44ccf841;306f2c5764d96983a93e1b74dc5c8d85	ftp.sra.ebi.ac.uk/vol1/fastq/SRR210/009/SRR2103589/SRR2103589_1.fastq.gz;ftp.sra.ebi.ac.uk/vol1/fastq/SRR210/009/SRR2103589/SRR2103589_2.fastq.gz	fasp.sra.ebi.ac.uk:/vol1/fastq/SRR210/009/SRR2103589/SRR2103589_1.fastq.gz;fasp.sra.ebi.ac.uk:/vol1/fastq/SRR210/009/SRR2103589/SRR2103589_2.fastq.gz	ftp.sra.ebi.ac.uk/vol1/fastq/SRR210/009/SRR2103589/SRR2103589_1.fastq.gz;ftp.sra.ebi.ac.uk/vol1/fastq/SRR210/009/SRR2103589/SRR2103589_2.fastq.gz							3411477880	94b980fa999d912a437de94fca565c44	ftp.sra.ebi.ac.uk/vol1/srr/SRR210/009/SRR2103589	fasp.sra.ebi.ac.uk:/vol1/srr/SRR210/009/SRR2103589	ftp.sra.ebi.ac.uk/vol1/srr/SRR210/009/SRR2103589	GSM1824082		MP5_K562_MUT+_2		2016-07-16			
SRR2103591	PRJNA290019	SRP061203	SAMN03861966	SRS993069	SRX1098132	SRA278140	9606	Homo sapiens	ILLUMINA	Illumina MiSeq			PAIRED	RNA-Seq	TRANSCRIPTOMIC	cDNA	37676950	5726896400	GEO	2016-07-16	2020-01-08	Illumina MiSeq sequencing: GSM1824084: MP7_K562_WT+_2 Homo sapiens RNA-Seq	Transcriptome analysis of SF3B1-mutation induced changes in K562 cells	GSE70959	GSM1824084	GSM1824084_r1	2098381018;1959723937	204c2affcf0d1a0d096b512cb522de8c;2f241641fb9c4fe44a5c1176df454cdb	ftp.sra.ebi.ac.uk/vol1/fastq/SRR210/001/SRR2103591/SRR2103591_1.fastq.gz;ftp.sra.ebi.ac.uk/vol1/fastq/SRR210/001/SRR2103591/SRR2103591_2.fastq.gz	fasp.sra.ebi.ac.uk:/vol1/fastq/SRR210/001/SRR2103591/SRR2103591_1.fastq.gz;fasp.sra.ebi.ac.uk:/vol1/fastq/SRR210/001/SRR2103591/SRR2103591_2.fastq.gz	ftp.sra.ebi.ac.uk/vol1/fastq/SRR210/001/SRR2103591/SRR2103591_1.fastq.gz;ftp.sra.ebi.ac.uk/vol1/fastq/SRR210/001/SRR2103591/SRR2103591_2.fastq.gz							3379028915	a0bf577965be2b36d4b49717fbd047ff	ftp.sra.ebi.ac.uk/vol1/srr/SRR210/001/SRR2103591	fasp.sra.ebi.ac.uk:/vol1/srr/SRR210/001/SRR2103591	ftp.sra.ebi.ac.uk/vol1/srr/SRR210/001/SRR2103591	GSM1824084		MP7_K562_WT+_2		2016-07-16			
SRR2103586	PRJNA290019	SRP061203	SAMN03861961	SRS993074	SRX1098127	SRA278140	9606	Homo sapiens	ILLUMINA	Illumina MiSeq			PAIRED	RNA-Seq	TRANSCRIPTOMIC	cDNA	33573238	5103132176	GEO	2016-07-16	2020-04-25	Illumina MiSeq sequencing: GSM1824079: MP2_K562_MUT-_1 Homo sapiens RNA-Seq	Transcriptome analysis of SF3B1-mutation induced changes in K562 cells	GSE70959	GSM1824079	GSM1824079_r1	1923628571;1945157865	e9651ec963dac132273a07c861a70133;efa50608438963d87abd5c296c7a9d0c	ftp.sra.ebi.ac.uk/vol1/fastq/SRR210/006/SRR2103586/SRR2103586_1.fastq.gz;ftp.sra.ebi.ac.uk/vol1/fastq/SRR210/006/SRR2103586/SRR2103586_2.fastq.gz	fasp.sra.ebi.ac.uk:/vol1/fastq/SRR210/006/SRR2103586/SRR2103586_1.fastq.gz;fasp.sra.ebi.ac.uk:/vol1/fastq/SRR210/006/SRR2103586/SRR2103586_2.fastq.gz	ftp.sra.ebi.ac.uk/vol1/fastq/SRR210/006/SRR2103586/SRR2103586_1.fastq.gz;ftp.sra.ebi.ac.uk/vol1/fastq/SRR210/006/SRR2103586/SRR2103586_2.fastq.gz							3083864051	96e8d478f4596811904e527c69127b31	ftp.sra.ebi.ac.uk/vol1/srr/SRR210/006/SRR2103586	fasp.sra.ebi.ac.uk:/vol1/srr/SRR210/006/SRR2103586	ftp.sra.ebi.ac.uk/vol1/srr/SRR210/006/SRR2103586	GSM1824079		MP2_K562_MUT-_1		2016-07-16			
SRR2103592	PRJNA290019	SRP061203	SAMN03861967	SRS993068	SRX1098133	SRA278140	9606	Homo sapiens	ILLUMINA	Illumina MiSeq			PAIRED	RNA-Seq	TRANSCRIPTOMIC	cDNA	37441187	5691060424	GEO	2016-07-16	2020-04-26	Illumina MiSeq sequencing: GSM1824085: MP8_K562_WT-_2 Homo sapiens RNA-Seq	Transcriptome analysis of SF3B1-mutation induced changes in K562 cells	GSE70959	GSM1824085	GSM1824085_r1	2149783538;2066287339	25216ba0dfe8ccd9a4e3c3cc6cf3c679;1e979f0b4b1d966ff25de5f7e3b99976	ftp.sra.ebi.ac.uk/vol1/fastq/SRR210/002/SRR2103592/SRR2103592_1.fastq.gz;ftp.sra.ebi.ac.uk/vol1/fastq/SRR210/002/SRR2103592/SRR2103592_2.fastq.gz	fasp.sra.ebi.ac.uk:/vol1/fastq/SRR210/002/SRR2103592/SRR2103592_1.fastq.gz;fasp.sra.ebi.ac.uk:/vol1/fastq/SRR210/002/SRR2103592/SRR2103592_2.fastq.gz	ftp.sra.ebi.ac.uk/vol1/fastq/SRR210/002/SRR2103592/SRR2103592_1.fastq.gz;ftp.sra.ebi.ac.uk/vol1/fastq/SRR210/002/SRR2103592/SRR2103592_2.fastq.gz							3441281254	f20346267229bfacf33b4044e4026777	ftp.sra.ebi.ac.uk/vol1/srr/SRR210/002/SRR2103592	fasp.sra.ebi.ac.uk:/vol1/srr/SRR210/002/SRR2103592	ftp.sra.ebi.ac.uk/vol1/srr/SRR210/002/SRR2103592	GSM1824085		MP8_K562_WT-_2		2016-07-16			
SRR2103587	PRJNA290019	SRP061203	SAMN03861962	SRS993073	SRX1098128	SRA278140	9606	Homo sapiens	ILLUMINA	Illumina MiSeq			PAIRED	RNA-Seq	TRANSCRIPTOMIC	cDNA	42379915	6441747080	GEO	2016-07-16	2020-01-08	Illumina MiSeq sequencing: GSM1824080: MP3_K562_WT+_1 Homo sapiens RNA-Seq	Transcriptome analysis of SF3B1-mutation induced changes in K562 cells	GSE70959	GSM1824080	GSM1824080_r1	2435344820;2436518491	5465c658898d27572d766161eb4096a6;b7212cb3b1fd0fd5f1004a9c7928bc70	ftp.sra.ebi.ac.uk/vol1/fastq/SRR210/007/SRR2103587/SRR2103587_1.fastq.gz;ftp.sra.ebi.ac.uk/vol1/fastq/SRR210/007/SRR2103587/SRR2103587_2.fastq.gz	fasp.sra.ebi.ac.uk:/vol1/fastq/SRR210/007/SRR2103587/SRR2103587_1.fastq.gz;fasp.sra.ebi.ac.uk:/vol1/fastq/SRR210/007/SRR2103587/SRR2103587_2.fastq.gz	ftp.sra.ebi.ac.uk/vol1/fastq/SRR210/007/SRR2103587/SRR2103587_1.fastq.gz;ftp.sra.ebi.ac.uk/vol1/fastq/SRR210/007/SRR2103587/SRR2103587_2.fastq.gz							3880099297	788eb9eb375fd6cde496f39bfcf9b6d4	ftp.sra.ebi.ac.uk/vol1/srr/SRR210/007/SRR2103587	fasp.sra.ebi.ac.uk:/vol1/srr/SRR210/007/SRR2103587	ftp.sra.ebi.ac.uk/vol1/srr/SRR210/007/SRR2103587	GSM1824080		MP3_K562_WT+_1		2016-07-16			
SRR2103588	PRJNA290019	SRP061203	SAMN03861963	SRS993072	SRX1098129	SRA278140	9606	Homo sapiens	ILLUMINA	Illumina MiSeq			PAIRED	RNA-Seq	TRANSCRIPTOMIC	cDNA	41796059	6353000968	GEO	2016-07-16	2019-10-07	Illumina MiSeq sequencing: GSM1824081: MP4_K562_WT-_1 Homo sapiens RNA-Seq	Transcriptome analysis of SF3B1-mutation induced changes in K562 cells	GSE70959	GSM1824081	GSM1824081_r1	2382075534;2356470941	8cb3b3b3f54cb46fa04e21f5b0d0c631;be99f145f75216a16c75f56a36fdc82f	ftp.sra.ebi.ac.uk/vol1/fastq/SRR210/008/SRR2103588/SRR2103588_1.fastq.gz;ftp.sra.ebi.ac.uk/vol1/fastq/SRR210/008/SRR2103588/SRR2103588_2.fastq.gz	fasp.sra.ebi.ac.uk:/vol1/fastq/SRR210/008/SRR2103588/SRR2103588_1.fastq.gz;fasp.sra.ebi.ac.uk:/vol1/fastq/SRR210/008/SRR2103588/SRR2103588_2.fastq.gz	ftp.sra.ebi.ac.uk/vol1/fastq/SRR210/008/SRR2103588/SRR2103588_1.fastq.gz;ftp.sra.ebi.ac.uk/vol1/fastq/SRR210/008/SRR2103588/SRR2103588_2.fastq.gz							3790711912	e2389335d85b393a7807b0ee00615765	ftp.sra.ebi.ac.uk/vol1/srr/SRR210/008/SRR2103588	fasp.sra.ebi.ac.uk:/vol1/srr/SRR210/008/SRR2103588	ftp.sra.ebi.ac.uk/vol1/srr/SRR210/008/SRR2103588	GSM1824081		MP4_K562_WT-_1		2016-07-16			
SRR2103590	PRJNA290019	SRP061203	SAMN03861965	SRS993070	SRX1098131	SRA278140	9606	Homo sapiens	ILLUMINA	Illumina MiSeq			PAIRED	RNA-Seq	TRANSCRIPTOMIC	cDNA	32652791	4963224232	GEO	2016-07-16	2020-04-27	Illumina MiSeq sequencing: GSM1824083: MP6_K562_MUT-_2 Homo sapiens RNA-Seq	Transcriptome analysis of SF3B1-mutation induced changes in K562 cells	GSE70959	GSM1824083	GSM1824083_r1	1937899267;1909067287	68bda98c5102e677a1791d875aebda6c;ad1f8b40cf3069a230a97e18c909afd2	ftp.sra.ebi.ac.uk/vol1/fastq/SRR210/000/SRR2103590/SRR2103590_1.fastq.gz;ftp.sra.ebi.ac.uk/vol1/fastq/SRR210/000/SRR2103590/SRR2103590_2.fastq.gz	fasp.sra.ebi.ac.uk:/vol1/fastq/SRR210/000/SRR2103590/SRR2103590_1.fastq.gz;fasp.sra.ebi.ac.uk:/vol1/fastq/SRR210/000/SRR2103590/SRR2103590_2.fastq.gz	ftp.sra.ebi.ac.uk/vol1/fastq/SRR210/000/SRR2103590/SRR2103590_1.fastq.gz;ftp.sra.ebi.ac.uk/vol1/fastq/SRR210/000/SRR2103590/SRR2103590_2.fastq.gz							3080769605	990706f1368136a40e08339e2efbe611	ftp.sra.ebi.ac.uk/vol1/srr/SRR210/000/SRR2103590	fasp.sra.ebi.ac.uk:/vol1/srr/SRR210/000/SRR2103590	ftp.sra.ebi.ac.uk/vol1/srr/SRR210/000/SRR2103590	GSM1824083		MP6_K562_MUT-_2		2016-07-16			
SRR2103585	PRJNA290019	SRP061203	SAMN03861960	SRS993075	SRX1098126	SRA278140	9606	Homo sapiens	ILLUMINA	Illumina MiSeq			PAIRED	RNA-Seq	TRANSCRIPTOMIC	cDNA	41858304	6362462208	GEO	2016-07-16	2019-10-12	Illumina MiSeq sequencing: GSM1824078: MP1_K562_MUT+_1 Homo sapiens RNA-Seq	Transcriptome analysis of SF3B1-mutation induced changes in K562 cells	GSE70959	GSM1824078	GSM1824078_r1	2363804617;2320759510	a79e2abd7b2350ebf535a02b2367e56e;769c46ffca02516150881f3a3bef4458	ftp.sra.ebi.ac.uk/vol1/fastq/SRR210/005/SRR2103585/SRR2103585_1.fastq.gz;ftp.sra.ebi.ac.uk/vol1/fastq/SRR210/005/SRR2103585/SRR2103585_2.fastq.gz	fasp.sra.ebi.ac.uk:/vol1/fastq/SRR210/005/SRR2103585/SRR2103585_1.fastq.gz;fasp.sra.ebi.ac.uk:/vol1/fastq/SRR210/005/SRR2103585/SRR2103585_2.fastq.gz	ftp.sra.ebi.ac.uk/vol1/fastq/SRR210/005/SRR2103585/SRR2103585_1.fastq.gz;ftp.sra.ebi.ac.uk/vol1/fastq/SRR210/005/SRR2103585/SRR2103585_2.fastq.gz							3775293758	f1eac02c96247ab7f9253627550b048b	ftp.sra.ebi.ac.uk/vol1/srr/SRR210/005/SRR2103585	fasp.sra.ebi.ac.uk:/vol1/srr/SRR210/005/SRR2103585	ftp.sra.ebi.ac.uk/vol1/srr/SRR210/005/SRR2103585	GSM1824078		MP1_K562_MUT+_1		2016-07-16			
